data/GameOfThronesMonopoly/boardspaceimages/,
kingslanding.png,King's Landing
stormsend.png,Storm's End
ravenvertical.png,Raven
dragonstone.png,Dragonstone
masterofcoin.png,Master of Coin
thewall.png,The Wall
eastwatchbythesea.png,Eastwatch by the Sea
ridervertical.png,Rider
kingswood.png,Kingswood
caveOfThreeEyedRaven.png,Cave of the Three-Eyed Raven
dungeons.png,Dungeons
freecitiesofbravos.png,Free Cities of Bravos
blacksmith.png,Blacksmith
ironislands.png,Iron Islands
qarth.png,Qarth
valeofarryn.png,Vale of Arryn
templeofdoshkhaleen.png,Temple of Dosh Khaleen
ravenhorizontal.png,Raven
widowswatch.png,Widow's Watch
fistofthefirstmen.png,Fist of the First Men
ironthrone.png,Iron Throne
crowsnest.png,Crow's Nest
ridervertical.png,Rider
dorne.png,Dorne
whisperingwoods.png,Whispering Woods
winterfell.png,Winterfell
fleabottom.png,Fleabottom
BayOfDragons.png,Bay of Dragons
bakery.png,Bakery
castleblack.png,Castle Black
gotodungeons.png,Go to the Dungeons
valyria.png,Valyria
blackwaterbay.png,Blackwater Bay
ravenhorizontal.png,Raven
molestown.png,Mole's Town
riverrun.png,Riverrun
riderhorizontal.png,Rider
crasterskeep.png,Craster's Keep
royaltaxes.png,Royal Taxes
casterlyrock.png,Casterly Rock
